Keyword Text,Competition,Competition Index,Search Volume,Low Top Page Bid,High Top Page Bid
construction company in karachi,LOW,1,1300,0.08,0.30
best construction companies in karachi,LOW,0,90,,
paragon construction karachi,LOW,0,90,,
top builders in karachi,LOW,3,90,,
best builders in karachi,LOW,2,70,,
top 10 construction companies in karachi,LOW,1,70,,
top construction companies in karachi,LOW,1,50,,
list of construction companies in karachi,LOW,1,30,,
bahria town karachi construction companies,LOW,0,20,,
construction companies in bahria town karachi,LOW,0,20,,
construction companies in karachi pakistan,LOW,1,20,,
house construction companies in karachi,LOW,0,20,,
acl construction karachi,UNSPECIFIED,0,10,,
best construction company in bahria town karachi,LOW,0,10,,
best house construction companies in karachi,LOW,0,10,,
construction company names in karachi,LOW,0,10,,
construction firms in karachi,LOW,0,10,,
karachi construction companies list,LOW,0,10,,
list of top builders in karachi,LOW,5,10,,
multinational construction companies in karachi,UNSPECIFIED,0,10,,
paragon construction company karachi,LOW,0,10,,
